{"stats":{"minecraft:used":{"minecraft:oak_trapdoor":158,"minecraft:oak_fence":41,"minecraft:repeater":52,"minecraft:stone_slab":10,"minecraft:sponge":145,"minecraft:observer":39,"minecraft:netherite_sword":22,"minecraft:oak_boat":4,"minecraft:stone_brick_slab":1590,"minecraft:glass":376,"minecraft:oak_sign":129,"minecraft:ladder":27,"minecraft:stone_bricks":402,"minecraft:minecart":476,"minecraft:lava_bucket":1,"minecraft:piston":11,"minecraft:redstone":46,"minecraft:oak_log":81,"minecraft:stone":216,"minecraft:hopper":17,"minecraft:tinted_glass":3,"minecraft:white_carpet":6,"minecraft:netherite_chestplate":1,"minecraft:oak_pressure_plate":51,"minecraft:oak_fence_gate":117,"minecraft:armor_stand":6,"minecraft:netherite_helmet":1,"minecraft:water_bucket":70609,"minecraft:netherite_boots":1,"minecraft:netherite_leggings":1,"minecraft:spruce_fence_gate":104,"minecraft:torch":187,"minecraft:dirt":14,"minecraft:obsidian":28,"minecraft:sand":1,"minecraft:lever":2,"minecraft:oak_button":8,"minecraft:redstone_block":2,"minecraft:oak_leaves":340,"minecraft:dispenser":26,"minecraft:debug_stick":8,"minecraft:witch_spawn_egg":2,"minecraft:stone_stairs":19,"minecraft:white_wool":34,"minecraft:rail":13,"minecraft:comparator":17,"minecraft:redstone_torch":6,"minecraft:flint_and_steel":3,"minecraft:bucket":2,"minecraft:chest":3,"minecraft:powered_rail":2,"minecraft:oak_planks":424,"minecraft:trial_key":1},"minecraft:picked_up":{"minecraft:soul_sand":12,"minecraft:spruce_fence_gate":1,"minecraft:bucket":2,"minecraft:warped_roots":3,"minecraft:leather":6,"minecraft:redstone":311,"minecraft:bone":4,"minecraft:brown_mushroom":3,"minecraft:water_bucket":3,"minecraft:firefly_bush":2,"minecraft:gold_ingot":79,"minecraft:slime_ball":1,"minecraft:emerald":2,"minecraft:stone_brick_slab":1,"minecraft:sugar":19,"minecraft:oak_pressure_plate":2,"minecraft:stick":29,"minecraft:oak_trapdoor":1,"minecraft:fire_charge":4,"minecraft:spectral_arrow":11,"minecraft:bow":1,"minecraft:arrow":11,"minecraft:iron_ingot":3,"minecraft:glowstone_dust":10,"minecraft:nether_brick":22,"minecraft:gunpowder":25,"minecraft:iron_chestplate":1,"minecraft:blackstone":39,"minecraft:crying_obsidian":5,"minecraft:rail":2,"minecraft:gravel":82,"minecraft:torch":4,"minecraft:wheat_seeds":13,"minecraft:splash_potion":1,"minecraft:piston":1,"minecraft:spider_eye":15,"minecraft:quartz":20,"minecraft:tipped_arrow":6,"minecraft:trial_key":1,"minecraft:poppy":2,"minecraft:potion":2,"minecraft:oak_button":7,"minecraft:rotten_flesh":6,"minecraft:oak_sign":6,"minecraft:ender_pearl":4,"minecraft:string":21,"minecraft:stone_bricks":1,"minecraft:obsidian":2,"minecraft:glass_bottle":11,"minecraft:iron_nugget":117,"minecraft:ladder":1,"minecraft:sponge":1,"minecraft:comparator":64},"minecraft:killed":{"minecraft:zombie":1,"minecraft:slime":1,"minecraft:stray":3,"minecraft:bogged":5,"minecraft:witch":12,"minecraft:ghast":1},"minecraft:custom":{"minecraft:time_since_rest":1293198,"minecraft:leave_game":23,"minecraft:damage_taken":557,"minecraft:mob_kills":23,"minecraft:time_since_death":1293154,"minecraft:inspect_dispenser":39,"minecraft:total_world_time":1397253,"minecraft:swim_one_cm":1014,"minecraft:crouch_one_cm":13905,"minecraft:deaths":2,"minecraft:climb_one_cm":6957,"minecraft:minecart_one_cm":0,"minecraft:interact_with_crafting_table":1,"minecraft:walk_one_cm":503060,"minecraft:walk_under_water_one_cm":154174,"minecraft:play_time":1344644,"minecraft:damage_dealt":4638,"minecraft:jump":764,"minecraft:drop":64,"minecraft:sprint_one_cm":59191,"minecraft:open_chest":3,"minecraft:inspect_hopper":5,"minecraft:fall_one_cm":4230,"minecraft:fly_one_cm":3717437,"minecraft:walk_on_water_one_cm":354572,"minecraft:sneak_time":42547},"minecraft:dropped":{"minecraft:warped_roots":3,"minecraft:torch":5,"minecraft:stone_bricks":1,"minecraft:stone_brick_slab":2,"minecraft:string":2,"minecraft:gravel":9,"minecraft:oak_sign":1,"minecraft:white_wool":1,"minecraft:spruce_fence_gate":1,"minecraft:oak_trapdoor":1,"minecraft:stone":1,"minecraft:blackstone":11,"minecraft:gold_ingot":127,"minecraft:piston":1,"minecraft:sponge":1},"minecraft:killed_by":{"minecraft:breeze":1}},"DataVersion":4325}